codigo,cuerpo,fecha
5000,Comment text 1,2025-04-03T00:00:00Z
5001,Comment text 2,2025-05-20T00:00:00Z
5002,Comment text 3,2025-01-27T00:00:00Z
5003,Comment text 4,2025-02-13T00:00:00Z
5004,Comment text 5,2025-01-30T00:00:00Z
5005,Comment text 6,2025-01-04T00:00:00Z
5006,Comment text 7,2025-02-24T00:00:00Z
5007,Comment text 8,2025-02-11T00:00:00Z
5008,Comment text 9,2025-05-31T00:00:00Z
5009,Comment text 10,2025-03-29T00:00:00Z
5010,Comment text 11,2025-01-04T00:00:00Z
5011,Comment text 12,2025-03-17T00:00:00Z
5012,Comment text 13,2025-01-07T00:00:00Z
5013,Comment text 14,2025-03-14T00:00:00Z
5014,Comment text 15,2025-01-31T00:00:00Z
5015,Comment text 16,2025-01-10T00:00:00Z
5016,Comment text 17,2025-01-24T00:00:00Z
5017,Comment text 18,2025-04-05T00:00:00Z
5018,Comment text 19,2025-05-09T00:00:00Z
5019,Comment text 20,2025-03-21T00:00:00Z
5020,Comment text 21,2025-04-11T00:00:00Z
5021,Comment text 22,2025-02-23T00:00:00Z
5022,Comment text 23,2025-04-19T00:00:00Z
5023,Comment text 24,2025-03-16T00:00:00Z
5024,Comment text 25,2025-03-31T00:00:00Z
5025,Comment text 26,2025-03-23T00:00:00Z
5026,Comment text 27,2025-01-24T00:00:00Z
5027,Comment text 28,2025-04-07T00:00:00Z
5028,Comment text 29,2025-05-30T00:00:00Z
5029,Comment text 30,2025-03-16T00:00:00Z
5030,Comment text 31,2025-05-06T00:00:00Z
5031,Comment text 32,2025-02-14T00:00:00Z
5032,Comment text 33,2025-05-28T00:00:00Z
5033,Comment text 34,2025-02-22T00:00:00Z
5034,Comment text 35,2025-04-10T00:00:00Z
5035,Comment text 36,2025-03-29T00:00:00Z
5036,Comment text 37,2025-01-26T00:00:00Z
5037,Comment text 38,2025-05-10T00:00:00Z
5038,Comment text 39,2025-01-29T00:00:00Z
5039,Comment text 40,2025-01-20T00:00:00Z
5040,Comment text 41,2025-03-01T00:00:00Z
5041,Comment text 42,2025-03-20T00:00:00Z
5042,Comment text 43,2025-04-01T00:00:00Z
5043,Comment text 44,2025-02-22T00:00:00Z
5044,Comment text 45,2025-01-15T00:00:00Z
5045,Comment text 46,2025-02-19T00:00:00Z
5046,Comment text 47,2025-02-13T00:00:00Z
5047,Comment text 48,2025-01-10T00:00:00Z
5048,Comment text 49,2025-01-16T00:00:00Z
5049,Comment text 50,2025-03-31T00:00:00Z
5050,Comment text 51,2025-03-15T00:00:00Z
5051,Comment text 52,2025-05-25T00:00:00Z
5052,Comment text 53,2025-03-02T00:00:00Z
5053,Comment text 54,2025-02-11T00:00:00Z
5054,Comment text 55,2025-04-26T00:00:00Z
5055,Comment text 56,2025-04-10T00:00:00Z
5056,Comment text 57,2025-03-01T00:00:00Z
5057,Comment text 58,2025-05-11T00:00:00Z
5058,Comment text 59,2025-03-31T00:00:00Z
5059,Comment text 60,2025-03-04T00:00:00Z
5060,Comment text 61,2025-01-25T00:00:00Z
5061,Comment text 62,2025-05-26T00:00:00Z
5062,Comment text 63,2025-05-08T00:00:00Z
5063,Comment text 64,2025-01-20T00:00:00Z
5064,Comment text 65,2025-01-06T00:00:00Z
5065,Comment text 66,2025-01-07T00:00:00Z
5066,Comment text 67,2025-05-16T00:00:00Z
5067,Comment text 68,2025-05-04T00:00:00Z
5068,Comment text 69,2025-05-27T00:00:00Z
5069,Comment text 70,2025-03-05T00:00:00Z
5070,Comment text 71,2025-05-17T00:00:00Z
5071,Comment text 72,2025-01-17T00:00:00Z
5072,Comment text 73,2025-05-20T00:00:00Z
5073,Comment text 74,2025-05-18T00:00:00Z
5074,Comment text 75,2025-02-03T00:00:00Z
5075,Comment text 76,2025-01-04T00:00:00Z
5076,Comment text 77,2025-05-31T00:00:00Z
5077,Comment text 78,2025-03-01T00:00:00Z
5078,Comment text 79,2025-04-02T00:00:00Z
5079,Comment text 80,2025-01-15T00:00:00Z
5080,Comment text 81,2025-01-01T00:00:00Z
5081,Comment text 82,2025-05-13T00:00:00Z
5082,Comment text 83,2025-02-18T00:00:00Z
5083,Comment text 84,2025-05-01T00:00:00Z
5084,Comment text 85,2025-04-22T00:00:00Z
5085,Comment text 86,2025-01-15T00:00:00Z
5086,Comment text 87,2025-02-16T00:00:00Z
5087,Comment text 88,2025-03-12T00:00:00Z
5088,Comment text 89,2025-05-26T00:00:00Z
5089,Comment text 90,2025-01-03T00:00:00Z
5090,Comment text 91,2025-04-26T00:00:00Z
5091,Comment text 92,2025-04-04T00:00:00Z
5092,Comment text 93,2025-02-10T00:00:00Z
5093,Comment text 94,2025-01-13T00:00:00Z
5094,Comment text 95,2025-04-29T00:00:00Z
5095,Comment text 96,2025-04-13T00:00:00Z
5096,Comment text 97,2025-04-22T00:00:00Z
5097,Comment text 98,2025-05-09T00:00:00Z
5098,Comment text 99,2025-05-11T00:00:00Z
5099,Comment text 100,2025-04-28T00:00:00Z
